StudentID,StudentName
20250001,John Harris
20250002,Anthony Martin
20250003,Mark Brown
20250004,Richard Thomas
20250005,Linda Ramirez
20250006,David Jones
20250007,Margaret Wilson
20250008,Margaret Lee
20250009,Richard Lopez
20250010,Sarah Moore
20250011,Linda Johnson
20250012,Barbara Martin
20250013,Betty Sanchez
20250014,Susan Robinson
20250015,David Sanchez
20250016,Patricia Williams
20250017,Barbara Perez
20250018,Daniel Davis
20250019,William Miller
20250020,James Brown
20250021,Margaret Davis
20250022,Charles White
20250023,Emily Rodriguez
20250024,Emily Thomas
20250025,Sarah Walker
20250026,Mark Sanchez
20250027,Mark Robinson
20250028,Anthony Davis
20250029,Betty Anderson
20250030,Elizabeth Miller
20250031,Donna White
20250032,Susan Lewis
20250033,Patricia Garcia
20250034,Matthew White
20250035,Ashley Sanchez
20250036,Paul Garcia
20250037,Steven Moore
20250038,Emily Johnson
20250039,Karen Martinez
20250040,Michelle Ramirez
20250041,Emily Brown
20250042,Jennifer Williams
20250043,Michelle Anderson
20250044,Richard Martinez
20250045,Andrew Perez
20250046,Anthony Martin
20250047,Jennifer Jackson
20250048,Matthew Gonzalez
20250049,Ashley Moore
20250050,Richard Garcia
20250051,Lisa Hernandez
20250052,David Jackson
20250053,Susan Sanchez
20250054,Michelle Ramirez
20250055,Kimberly Perez
20250056,Mark Sanchez
20250057,Emily Clark
20250058,Barbara Garcia
20250059,Kimberly Robinson
20250060,Linda Hernandez
20250061,John Perez
20250062,Sandra Miller
20250063,Elizabeth Martinez
20250064,Lisa Lopez
20250065,James Johnson
20250066,Joseph Taylor
20250067,Nancy Martin
20250068,Jessica Martinez
20250069,Steven Walker
20250070,Daniel White
20250071,Paul Smith
20250072,Kimberly Harris
20250073,Sandra Wilson
20250074,Robert Lewis
20250075,Steven Garcia
20250076,Mark Moore
20250077,Mary Garcia
20250078,Christopher Lewis
20250079,Linda Hernandez
20250080,Barbara Smith
20250081,William Jones
20250082,Elizabeth Martin
20250083,Linda Thompson
20250084,Michelle Jackson
20250085,Sandra Martin
20250086,Patricia Hernandez
20250087,Ashley Anderson
20250088,Matthew Hernandez
20250089,Barbara Sanchez
20250090,William Perez
20250091,John Jones
20250092,Matthew Walker
20250093,Thomas Smith
20250094,Joseph Lewis
20250095,Joseph Jones
20250096,Christopher Lopez
20250097,Anthony Lewis
20250098,James White
20250099,Christopher Martinez
20250100,Elizabeth Lewis
20250101,Andrew Thomas
20250102,Sandra Martin
20250103,Matthew Thompson
20250104,Karen Brown
20250105,Charles Lopez
20250106,Margaret Rodriguez
20250107,Michelle Anderson
20250108,Sarah Moore
20250109,Paul Thomas
20250110,James Thomas
20250111,Betty Moore
20250112,Paul Lee
20250113,Jessica Moore
20250114,John Harris
20250115,Anthony Martinez
20250116,Donna Lopez
20250117,Christopher Wilson
20250118,Karen Thompson
20250119,Emily Thomas
20250120,Mark Jones
20250121,Barbara Wilson
20250122,Ashley Davis
20250123,David Martinez
20250124,Joseph White
20250125,Richard Thompson
20250126,Jennifer White
20250127,Paul Thompson
20250128,Daniel Harris
20250129,Charles Jones
20250130,Donald Lewis
20250131,Andrew Hernandez
20250132,Charles Miller
20250133,Lisa Ramirez
20250134,Joshua Harris
20250135,Karen Brown
20250136,Robert Garcia
20250137,Elizabeth Anderson
20250138,Emily Walker
20250139,Mark Martinez
20250140,Mary Lewis
20250141,Michelle Ramirez
20250142,Margaret Jones
20250143,Christopher Sanchez
20250144,William Rodriguez
20250145,Matthew Martin
20250146,Barbara Martin
20250147,Joseph Martin
20250148,William Clark
20250149,Daniel Brown
20250150,Charles Thompson
20250151,Jessica Smith
20250152,Lisa Lopez
20250153,James Thompson
20250154,Joseph Ramirez
20250155,Christopher White
20250156,Karen Thomas
20250157,Charles Moore
20250158,Jennifer White
20250159,Jennifer Miller
20250160,Daniel Hernandez
20250161,Steven Johnson
20250162,Michael Garcia
20250163,Matthew Anderson
20250164,Patricia Garcia
20250165,Sandra White
20250166,Sandra Moore
20250167,Michael Harris
20250168,Anthony Garcia
20250169,Barbara Robinson
20250170,Sandra Lopez
20250171,Paul Jackson
20250172,Jessica Walker
20250173,Lisa Robinson
20250174,Richard Anderson
20250175,Joshua Miller
20250176,Emily Ramirez
20250177,Andrew Perez
20250178,Kimberly Walker
20250179,Karen Sanchez
20250180,Emily Miller
20250181,Michelle Thompson
20250182,Mary Jones
20250183,Donald Johnson
20250184,Christopher Jones
20250185,Paul Johnson
20250186,Thomas Thomas
20250187,Paul Moore
20250188,Barbara Taylor
20250189,Michael Williams
20250190,Charles Smith
20250191,Paul Anderson
20250192,Joseph Thompson
20250193,Anthony Walker
20250194,Steven Smith
20250195,Karen White
20250196,John Walker
20250197,Anthony Davis
20250198,William Thompson
20250199,Donna Davis
20250200,Andrew Lopez
20250201,Kimberly White
20250202,Charles Lewis
20250203,John Harris
20250204,John Taylor
20250205,Jessica Martinez
20250206,Linda Garcia
20250207,Steven Lee
20250208,Betty Lopez
20250209,Linda Perez
20250210,Andrew Taylor
20250211,Joseph Perez
20250212,Richard Davis
20250213,Paul Jackson
20250214,Donna Brown
20250215,John Martin
20250216,Andrew Gonzalez
20250217,Christopher Williams
20250218,Nancy Martin
20250219,Anthony Harris
20250220,Karen Jackson
20250221,Robert Thompson
20250222,Elizabeth Wilson
20250223,Donna Davis
20250224,Jennifer Thomas
20250225,Daniel Harris
20250226,Charles Williams
20250227,John Wilson
20250228,Jessica Martinez
20250229,Robert Lopez
20250230,Kimberly Lee
20250231,Charles Williams
20250232,Emily Johnson
20250233,Elizabeth Sanchez
20250234,Andrew Harris
20250235,Kimberly Jackson
20250236,Thomas Gonzalez
20250237,Mark White
20250238,Karen Moore
20250239,Kimberly Harris
20250240,John Lewis
20250241,Kimberly Moore
20250242,John Davis
20250243,Patricia Walker
20250244,James Miller
20250245,Ashley Sanchez
20250246,Emily Ramirez
20250247,Donna Harris
20250248,Jennifer Thomas
20250249,William Perez
20250250,Steven Sanchez
20250251,Jennifer Hernandez
20250252,Jessica Taylor
20250253,Karen Robinson
20250254,John Taylor
20250255,Donald Lee
20250256,Betty Williams
20250257,Susan Lopez
20250258,Paul Clark
20250259,Jessica Jones
20250260,Emily Smith
20250261,David Lee
20250262,Daniel Lewis
20250263,Donna Taylor
20250264,Donna Smith
20250265,Kimberly Moore
20250266,William Rodriguez
20250267,Barbara Jones
20250268,Lisa Williams
20250269,William Anderson
20250270,Matthew Clark
20250271,Barbara Martin
20250272,Richard Clark
20250273,Sandra Ramirez
20250274,Lisa Lewis
20250275,Lisa Thomas
20250276,William Taylor
20250277,Andrew Miller
20250278,Emily Wilson
20250279,Patricia White
20250280,Michael Jones
20250281,Thomas Jackson
20250282,Thomas Brown
20250283,Charles Gonzalez
20250284,Mary Smith
20250285,Margaret Moore
20250286,Christopher Lee
20250287,John Smith
20250288,Robert Hernandez
20250289,Margaret Thompson
20250290,Robert Perez
20250291,Betty Miller
20250292,Michelle Harris
20250293,Paul Smith
20250294,John Rodriguez
20250295,Jessica Ramirez
20250296,James Thompson
20250297,Thomas Taylor
20250298,Andrew Moore
20250299,Andrew Hernandez
20250300,Michael Sanchez
20250301,John Wilson
20250302,Karen Johnson
20250303,Susan Wilson
20250304,Michael Perez
20250305,Michelle Taylor
20250306,Kimberly Moore
20250307,Matthew Lopez
20250308,Donald Martin
20250309,Anthony Martin
20250310,Matthew Lopez
20250311,Betty Hernandez
20250312,Matthew Moore
20250313,Andrew Johnson
20250314,Christopher Harris
20250315,Sarah Thompson
20250316,Matthew Davis
20250317,Emily Harris
20250318,Emily Smith
20250319,Richard Smith
20250320,Andrew Lewis
20250321,Sandra Harris
20250322,Linda Martin
20250323,Sandra White
20250324,William Smith
20250325,Michelle Perez
20250326,Mary White
20250327,Jessica Williams
20250328,William Rodriguez
20250329,Joshua Clark
20250330,Daniel Wilson
20250331,Daniel Martinez
20250332,Andrew Rodriguez
20250333,Elizabeth Johnson
20250334,Robert Anderson
20250335,Christopher Thompson
20250336,Richard Lewis
20250337,Lisa Miller
20250338,Barbara Gonzalez
20250339,Michelle Martinez
20250340,Lisa Garcia
20250341,William Garcia
20250342,Donald Perez
20250343,Michelle Ramirez
20250344,Andrew Smith
20250345,Christopher Miller
20250346,Jessica Moore
20250347,Robert White
20250348,Michelle Davis
20250349,Sandra Gonzalez
20250350,Sandra Clark
20250351,Christopher Rodriguez
20250352,Jennifer Jones
20250353,Michael Jackson
20250354,Joseph Walker
20250355,Ashley Moore
20250356,Anthony Robinson
20250357,Linda Rodriguez
20250358,Linda Smith
20250359,Susan Brown
20250360,Sarah Thomas
20250361,Andrew Davis
20250362,Sandra Davis
20250363,Nancy Johnson
20250364,Joseph Rodriguez
20250365,Ashley Smith
20250366,Andrew Jackson
20250367,Emily Perez
20250368,Sarah White
20250369,Michael Gonzalez
20250370,David Brown
20250371,Steven Harris
20250372,Andrew Harris
20250373,David Perez
20250374,Ashley Brown
20250375,Margaret Smith
20250376,Steven Smith
20250377,Matthew Williams
20250378,Sarah Ramirez
20250379,Michael Jones
20250380,Michael Garcia
20250381,Richard Thomas
20250382,Anthony Garcia
20250383,Joseph Lopez
20250384,Joseph Hernandez
20250385,David Lopez
20250386,Robert Wilson
20250387,Michelle Thompson
20250388,Matthew Harris
20250389,David Ramirez
20250390,Patricia Hernandez
20250391,Thomas Thompson
20250392,Karen Thompson
20250393,Linda Taylor
20250394,Mary Hernandez
20250395,Margaret Garcia
20250396,Patricia Perez
20250397,Anthony Garcia
20250398,Susan Lewis
20250399,Ashley Miller
20250400,Richard Martinez
20250401,Elizabeth Thomas
20250402,Susan Lee
20250403,Daniel Harris
20250404,Sandra Taylor
20250405,John Taylor
20250406,Paul Jackson
20250407,Karen Thompson
20250408,Lisa Williams
20250409,Thomas Jones
20250410,Jennifer Harris
20250411,Thomas Walker
20250412,Ashley Lopez
20250413,Andrew Lee
20250414,Richard Gonzalez
20250415,Susan Miller
20250416,Matthew Ramirez
20250417,James Ramirez
20250418,Karen Garcia
20250419,Nancy Robinson
20250420,Anthony Johnson
20250421,Betty Martinez
20250422,Patricia Clark
20250423,Mark Harris
20250424,Karen Davis
20250425,Steven Martinez
20250426,Christopher Brown
20250427,Paul Martin
20250428,Jessica Garcia
20250429,Anthony Ramirez
20250430,Joseph Ramirez
20250431,Lisa Rodriguez
20250432,Joshua Harris
20250433,Ashley Garcia
20250434,Karen Walker
20250435,Donna Gonzalez
20250436,Charles Thomas
20250437,Nancy Garcia
20250438,Sandra Wilson
20250439,Donna Gonzalez
20250440,William Robinson
20250441,Mark Clark
20250442,Jennifer Hernandez
20250443,Barbara Anderson
20250444,Richard Garcia
20250445,Thomas Clark
20250446,Anthony Taylor
20250447,Mary Harris
20250448,Mary Lopez
20250449,Karen Walker
20250450,Mary Garcia
20250451,Charles Sanchez
20250452,Paul Johnson
20250453,Sandra Lopez
20250454,Karen Anderson
20250455,Jessica Davis
20250456,Robert Rodriguez
20250457,Daniel Taylor
20250458,Mark Brown
20250459,Emily Johnson
20250460,Emily Walker
20250461,Michael Johnson
20250462,Jennifer Martin
20250463,Nancy Perez
20250464,Thomas Jones
20250465,Sarah Martinez
20250466,Elizabeth Anderson
20250467,Elizabeth Wilson
20250468,Elizabeth Ramirez
20250469,Lisa Lopez
20250470,Joseph White
20250471,Sandra Harris
20250472,Christopher Martinez
20250473,Karen Hernandez
20250474,Thomas Johnson
20250475,Donald Ramirez
20250476,Margaret Brown
20250477,James Taylor
20250478,Paul Jackson
20250479,Daniel Harris
20250480,Michelle Perez
20250481,Joseph Williams
20250482,Anthony Hernandez
20250483,Jennifer Lopez
20250484,Anthony Williams
20250485,Donald Gonzalez
20250486,James Harris
20250487,Mark Taylor
20250488,Joseph Lopez
20250489,Linda Martinez
20250490,Barbara Thompson
20250491,Sandra Harris
20250492,Daniel Jackson
20250493,Michael Jones
20250494,Jennifer Jackson
20250495,William Brown
20250496,James Clark
20250497,Steven Clark
20250498,Betty Smith
20250499,Matthew Jackson
20250500,William Martin
20250501,Richard Smith
20250502,Mark Gonzalez
20250503,Nancy Jones
20250504,Susan White
20250505,Robert Moore
20250506,John Lee
20250507,Jessica Thomas
20250508,Sarah Moore
20250509,John Jackson
20250510,Jessica Hernandez
20250511,William Miller
20250512,Michelle Thompson
20250513,Linda Moore
20250514,Linda White
20250515,Michelle Hernandez
20250516,Emily Brown
20250517,Jennifer Ramirez
20250518,Sandra Johnson
20250519,James Jackson
20250520,Robert Smith
20250521,Mary Anderson
20250522,Mark Jones
20250523,Daniel Garcia
20250524,Donald Gonzalez
20250525,Margaret Davis
20250526,Lisa Jones
20250527,John Walker
20250528,Margaret Sanchez
20250529,Barbara Jones
20250530,Jessica Sanchez
20250531,Margaret Clark
20250532,Richard Moore
20250533,Kimberly Jones
20250534,Betty Lewis
20250535,Robert White
20250536,Steven Anderson
20250537,Michelle Wilson
20250538,Jessica Jackson
20250539,Barbara Miller
20250540,Sandra Thomas
20250541,Sarah Sanchez
20250542,Richard Williams
20250543,Richard Gonzalez
20250544,Barbara Thomas
20250545,Charles Gonzalez
20250546,Patricia Smith
20250547,Steven Jones
20250548,Joseph White
20250549,Donna Brown
20250550,Lisa Jones
20250551,Nancy Brown
20250552,Patricia Brown
20250553,Emily Martinez
20250554,Lisa Miller
20250555,Christopher Moore
20250556,James Jones
20250557,Barbara Garcia
20250558,Margaret Thompson
20250559,Susan Rodriguez
20250560,Michael Williams
20250561,Michael Harris
20250562,David Martin
20250563,Emily Thomas
20250564,Joseph Anderson
20250565,James White
20250566,Susan Ramirez
20250567,Kimberly Hernandez
20250568,William Anderson
20250569,Jennifer Moore
20250570,Susan Wilson
20250571,Kimberly Ramirez
20250572,Joshua Miller
20250573,Joseph Walker
20250574,Christopher Anderson
20250575,Elizabeth Smith
20250576,Sarah Moore
20250577,William Lee
20250578,Jennifer Sanchez
20250579,Kimberly White
20250580,Matthew Harris
20250581,John Robinson
20250582,Patricia Ramirez
20250583,Sarah Rodriguez
20250584,Paul Jones
20250585,John Rodriguez
20250586,Steven Thompson
20250587,Lisa Robinson
20250588,Betty Martinez
20250589,Steven Ramirez
20250590,Susan Taylor
20250591,Richard Gonzalez
20250592,John Clark
20250593,James Taylor
20250594,Karen Robinson
20250595,Mark Jackson
20250596,Michelle Davis
20250597,Anthony Clark
20250598,Paul Wilson
20250599,Richard Ramirez
20250600,David Brown
20250601,Robert Jones
20250602,Robert Moore
20250603,Sandra Garcia
20250604,Paul Garcia
20250605,Christopher Williams
20250606,Emily Jackson
20250607,Andrew Miller
20250608,Jennifer Gonzalez
20250609,William Sanchez
20250610,Andrew Walker
20250611,Mark Thompson
20250612,Susan Johnson
20250613,Lisa Jones
20250614,Mary Jones
20250615,Thomas Hernandez
20250616,David Anderson
20250617,Donald Miller
20250618,Richard Lewis
20250619,Christopher Johnson
20250620,William Martin
20250621,Sandra Lewis
20250622,Donald White
20250623,William Thompson
20250624,Elizabeth Davis
20250625,Anthony Perez
20250626,David Robinson
20250627,Donald Robinson
20250628,Joshua Moore
20250629,David Hernandez
20250630,Karen White
20250631,Donald Perez
20250632,Andrew Taylor
20250633,Daniel Miller
20250634,Steven White
20250635,Anthony Rodriguez
20250636,Linda Johnson
20250637,Matthew Rodriguez
20250638,Nancy Anderson
20250639,Margaret Rodriguez
20250640,Paul Johnson
20250641,David Clark
20250642,Margaret White
20250643,William Wilson
20250644,Karen Thomas
20250645,Sarah Perez
20250646,Barbara Moore
20250647,Steven Robinson
20250648,Paul Martin
20250649,Michelle Robinson
20250650,Patricia Lopez
20250651,Sarah Lee
20250652,Thomas Lopez
20250653,Robert Thomas
20250654,Robert Williams
20250655,James Gonzalez
20250656,Lisa Taylor
20250657,Michael Taylor
20250658,Daniel Thomas
20250659,Mary Thompson
20250660,John Sanchez
20250661,Jennifer Brown
20250662,Sarah Lopez
20250663,Joshua Harris
20250664,Michelle Garcia
20250665,Patricia Wilson
20250666,Linda Perez
20250667,Susan Miller
20250668,Ashley Davis
20250669,Jennifer White
20250670,Elizabeth Taylor
20250671,Joseph Davis
20250672,Paul Anderson
20250673,Margaret Jones
20250674,Richard Davis
20250675,Charles Martin
20250676,Robert Lewis
20250677,Richard Lewis
20250678,Richard Martinez
20250679,Mark Rodriguez
20250680,Mary Martin
20250681,Nancy Taylor
20250682,Kimberly Lewis
20250683,Michael Sanchez
20250684,Michael Smith
20250685,Paul Clark
20250686,Karen Brown
20250687,Richard Williams
20250688,Thomas Williams
20250689,Elizabeth Perez
20250690,Lisa Anderson
20250691,James Jackson
20250692,Linda Taylor
20250693,Ashley Gonzalez
20250694,John Martinez
20250695,David Robinson
20250696,Donald Perez
20250697,Susan Johnson
20250698,Donald Lopez
20250699,Jessica Martinez
20250700,Betty Lewis
20250701,John Sanchez
20250702,Matthew Jones
20250703,Michael Thompson
20250704,David Sanchez
20250705,Mary Johnson
20250706,Ashley Taylor
20250707,Ashley Robinson
20250708,Paul Williams
20250709,James Lewis
20250710,Michael Robinson
20250711,John Smith
20250712,Donald Garcia
20250713,James Ramirez
20250714,Steven Harris
20250715,Linda Taylor
20250716,Joshua Walker
20250717,Karen Robinson
20250718,David Thompson
20250719,Thomas White
20250720,Kimberly Lewis
20250721,Margaret Clark
20250722,Joshua Jones
20250723,Michelle Jones
20250724,Sarah Ramirez
20250725,Donald Garcia
20250726,Betty Gonzalez
20250727,Mary Sanchez
20250728,Elizabeth Taylor
20250729,Emily Martin
20250730,Michael Brown
20250731,Donald Hernandez
20250732,Robert Lopez
20250733,Sarah Rodriguez
20250734,Ashley Harris
20250735,Michelle Ramirez
20250736,Mark Thompson
20250737,Sandra Williams
20250738,Elizabeth Perez
20250739,Michael Brown
20250740,Charles Taylor
20250741,Betty Garcia
20250742,Daniel White
20250743,Mary Garcia
20250744,Jennifer Jones
20250745,Donald Williams
20250746,Joshua Thomas
20250747,James Perez
20250748,Barbara Lopez
20250749,Joshua Anderson
20250750,Betty Sanchez
20250751,Joshua Anderson
20250752,Jennifer Anderson
20250753,Linda Miller
20250754,William Lopez
20250755,John Perez
20250756,Susan Robinson
20250757,Michael Davis
20250758,Steven Thompson
20250759,Joshua Lewis
20250760,Matthew Walker
20250761,Daniel Williams
20250762,Christopher Lee
20250763,Jessica Harris
20250764,Steven White
20250765,Daniel Hernandez
20250766,Mark Wilson
20250767,Sandra Rodriguez
20250768,Christopher Thomas
20250769,Kimberly Jackson
20250770,Charles Perez
20250771,Kimberly Walker
20250772,Anthony Martinez
20250773,Steven Lewis
20250774,Barbara Thompson
20250775,Barbara Hernandez
20250776,John Jones
20250777,Joshua Johnson
20250778,Mark Anderson
20250779,Ashley Jackson
20250780,Karen Robinson
20250781,Nancy Ramirez
20250782,Anthony Lee
20250783,Paul Sanchez
20250784,Charles Rodriguez
20250785,Jessica Rodriguez
20250786,Patricia Harris
20250787,Daniel Lopez
20250788,Charles Johnson
20250789,Andrew Anderson
20250790,Donna Garcia
20250791,Margaret Gonzalez
20250792,Sandra Lee
20250793,Michelle Clark
20250794,Emily Wilson
20250795,Elizabeth Walker
20250796,Betty Miller
20250797,Jessica Ramirez
20250798,Robert Wilson
20250799,Mary Jones
20250800,Kimberly Smith
20250801,Sandra Garcia
20250802,Barbara Perez
20250803,Emily Sanchez
20250804,Paul Hernandez
20250805,Elizabeth Miller
20250806,Andrew Perez
20250807,Paul Davis
20250808,Paul Thomas
20250809,Michelle Thompson
20250810,Michael Williams
20250811,Susan Brown
20250812,Jennifer Martin
20250813,Kimberly Sanchez
20250814,Betty Thompson
20250815,Steven Sanchez
20250816,Michelle Hernandez
20250817,Mary Miller
20250818,Elizabeth White
20250819,Mark Thompson
20250820,Emily Thompson
20250821,Robert Martinez
20250822,Christopher Smith
20250823,Betty Taylor
20250824,Michelle Martin
20250825,Robert Thompson
20250826,Thomas Smith
20250827,Donna Taylor
20250828,Margaret Jones
20250829,Linda Johnson
20250830,Linda Robinson
20250831,Lisa Johnson
20250832,Margaret Smith
20250833,Joshua Anderson
20250834,Kimberly Martin
20250835,Mary Smith
20250836,Linda Clark
20250837,Margaret Moore
20250838,Donald White
20250839,James Robinson
20250840,Anthony Sanchez
20250841,Matthew White
20250842,Elizabeth Brown
20250843,Joseph Anderson
20250844,Joshua Lewis
20250845,Charles Smith
20250846,Emily Brown
20250847,Margaret Garcia
20250848,Lisa Jackson
20250849,Christopher Harris
20250850,Donald Brown
20250851,Joseph Thompson
20250852,Mark Moore
20250853,Donna Taylor
20250854,James Thompson
20250855,Matthew Thompson
20250856,Anthony Lee
20250857,William Robinson
20250858,Mary Gonzalez
20250859,Sandra Williams
20250860,Michael Anderson
20250861,Charles Thompson
20250862,Andrew Garcia
20250863,Robert Smith
20250864,Susan Thomas
20250865,William Martinez
20250866,Lisa Williams
20250867,Elizabeth Rodriguez
20250868,Joshua Anderson
20250869,Sandra Johnson
20250870,James Perez
20250871,Jennifer Clark
20250872,Michael Martinez
20250873,Sandra Hernandez
20250874,Robert Johnson
20250875,Daniel Sanchez
20250876,Patricia Thompson
20250877,Kimberly Lewis
20250878,Joshua Garcia
20250879,Elizabeth Davis
20250880,Matthew Thompson
20250881,Margaret Robinson
20250882,Patricia Anderson
20250883,Margaret Lopez
20250884,Mary Thompson
20250885,Richard Lewis
20250886,Nancy Jackson
20250887,Andrew Lee
20250888,Linda Taylor
20250889,Susan Rodriguez
20250890,Sarah Sanchez
20250891,Jessica Robinson
20250892,John Davis
20250893,Sandra Thompson
20250894,Paul Thomas
20250895,Mary Robinson
20250896,Thomas Jones
20250897,Joseph Brown
20250898,Donald Wilson
20250899,Nancy Sanchez
20250900,Sarah Thomas
20250901,Andrew Smith
20250902,Lisa Rodriguez
20250903,Sarah Thompson
20250904,Nancy Lee
20250905,Joshua Lee
20250906,James Lee
20250907,Paul Anderson
20250908,Anthony Martin
20250909,Thomas Thomas
20250910,Lisa Taylor
20250911,Emily Lewis
20250912,Patricia Hernandez
20250913,Robert Rodriguez
20250914,Linda Harris
20250915,Mark Lopez
20250916,Andrew Brown
20250917,John Lee
20250918,Paul Brown
20250919,Richard Lewis
20250920,Sandra Sanchez
20250921,Paul Taylor
20250922,Barbara Thomas
20250923,Mary Walker
20250924,Matthew Lee
20250925,Susan Moore
20250926,Matthew Jones
20250927,Daniel Perez
20250928,William Thompson
20250929,Matthew Robinson
20250930,Elizabeth Miller
20250931,William Brown
20250932,Betty Thomas
20250933,Ashley Wilson
20250934,William Jackson
20250935,Sarah Anderson
20250936,Andrew Garcia
20250937,Donald Martinez
20250938,Mark Brown
20250939,Donald White
20250940,Michael Gonzalez
20250941,John Thomas
20250942,Joseph Martin
20250943,Mark Johnson
20250944,Donna Thomas
20250945,David Walker
20250946,Michelle Hernandez
20250947,Richard Perez
20250948,Anthony Rodriguez
20250949,Nancy Davis
20250950,Donna Martinez
20250951,Michael Miller
20250952,James Thomas
20250953,Daniel Miller
20250954,Lisa Harris
20250955,Susan Brown
20250956,Nancy Sanchez
20250957,Lisa Garcia
20250958,Sarah Clark
20250959,Nancy Davis
20250960,Nancy Thomas
20250961,Susan Anderson
20250962,Christopher Martin
20250963,Karen Rodriguez
20250964,John Anderson
20250965,Charles Smith
20250966,Margaret Thompson
20250967,Ashley Williams
20250968,Sandra Johnson
20250969,Mary Anderson
20250970,Kimberly Smith
20250971,Jennifer Martinez
20250972,Joseph Lopez
20250973,Donna Jackson
20250974,Mark Martinez
20250975,Robert White
20250976,Richard Brown
20250977,Nancy Thomas
20250978,Sarah Jones
20250979,Robert Clark
20250980,Patricia Wilson
20250981,Mark Moore
20250982,Margaret Lee
20250983,James Robinson
20250984,Sarah Johnson
20250985,Andrew Davis
20250986,Paul Perez
20250987,Mary Jackson
20250988,Michael Jackson
20250989,Steven Walker
20250990,William Smith
20250991,Jennifer Williams
20250992,Emily Lopez
20250993,Donald Smith
20250994,Sandra Williams
20250995,Charles Perez
20250996,Christopher Lewis
20250997,Kimberly Williams
20250998,Andrew Harris
20250999,Sarah White
20251000,Emily Taylor
20251001,Charles Martinez
20251002,Michael Martin
20251003,Michelle Johnson
20251004,Jessica Harris
20251005,Karen Garcia
20251006,Kimberly Miller
20251007,Betty Hernandez
20251008,Steven Jones
20251009,Lisa Thompson
20251010,Elizabeth Jones
20251011,Emily Ramirez
20251012,Barbara Miller
20251013,Mark Lee
20251014,Joshua Harris
20251015,Karen Thomas
20251016,Emily Davis
20251017,Anthony Miller
20251018,Ashley Hernandez
20251019,John Taylor
20251020,Nancy Harris
20251021,James Clark
20251022,Lisa Gonzalez
20251023,William Clark
20251024,Anthony Clark
20251025,Linda Hernandez
20251026,Charles Williams
20251027,Sarah Smith
20251028,Jennifer Anderson
20251029,Sarah Lopez
20251030,Mary Lopez
20251031,Andrew Perez
20251032,John Ramirez
20251033,Jennifer Sanchez
20251034,Sandra Walker
20251035,Margaret Thompson
20251036,Nancy Jones
20251037,Jennifer Taylor
20251038,Kimberly Martinez
20251039,Jennifer Martinez
20251040,Charles White
20251041,Daniel Thompson
20251042,Anthony Walker
20251043,David Wilson
20251044,Jessica Anderson
20251045,Betty Jones
20251046,Karen Miller
20251047,Kimberly Smith
20251048,John Lopez
20251049,Charles Johnson
20251050,Thomas Brown
20251051,Matthew Lee
20251052,John Sanchez
20251053,Mary Gonzalez
20251054,John Williams
20251055,Mary Rodriguez
20251056,Nancy Lee
20251057,Ashley Davis
20251058,James Williams
20251059,Emily Miller
20251060,Joshua Jones
20251061,Lisa Rodriguez
20251062,Barbara Anderson
20251063,Christopher Wilson
20251064,David Moore
20251065,Michelle Smith
20251066,Nancy Walker
20251067,Donna Moore
20251068,William Gonzalez
20251069,Barbara Gonzalez
20251070,Karen Gonzalez
20251071,Richard Clark
20251072,Anthony Anderson
20251073,Sandra Thomas
20251074,Richard Johnson
20251075,Matthew Taylor
20251076,James Johnson
20251077,William Lewis
20251078,Richard Garcia
20251079,David Martin
20251080,Nancy Wilson
20251081,David White
20251082,Patricia Brown
20251083,Mary Perez
20251084,Linda Taylor
20251085,James Wilson
20251086,Joshua Martinez
20251087,Anthony Gonzalez
20251088,Linda Rodriguez
20251089,Robert Moore
20251090,Donald Gonzalez
20251091,Nancy Williams
20251092,Patricia Jones
20251093,Anthony Johnson
20251094,Thomas Sanchez
20251095,Andrew White
20251096,Paul Lewis
20251097,Mary Brown
20251098,Betty Brown
20251099,Donald Garcia
20251100,Robert Moore
20251101,Mary Smith
20251102,Margaret Lopez
20251103,James Anderson
20251104,Betty Miller
20251105,Christopher Thomas
20251106,Linda Garcia
20251107,Joshua White
20251108,Daniel Perez
20251109,Patricia Garcia
20251110,Christopher Thompson
20251111,Daniel Garcia
20251112,Robert Thompson
20251113,Thomas Moore
20251114,Steven Taylor
20251115,Charles Sanchez
20251116,Paul White
20251117,Ashley Walker
20251118,Jessica Johnson
20251119,Michael Moore
20251120,Daniel Lopez
20251121,Thomas Lee
20251122,Michael Anderson
20251123,Linda Rodriguez
20251124,Linda Davis
20251125,Kimberly Lee
20251126,Paul Clark
20251127,Anthony Martinez
20251128,Elizabeth Johnson
20251129,Daniel Lopez
20251130,Donald Martinez
20251131,Michelle Lee
20251132,Linda Wilson
20251133,Andrew Ramirez
20251134,Elizabeth Lewis
20251135,Paul Anderson
20251136,Richard Moore
20251137,Richard Anderson
20251138,Robert Sanchez
20251139,Christopher Williams
20251140,Linda Davis
20251141,Charles Walker
20251142,Sandra Lewis
20251143,David Lewis
20251144,Kimberly Clark
20251145,Anthony Gonzalez
20251146,Donna Brown
20251147,William Anderson
20251148,William Sanchez
20251149,Steven Gonzalez
20251150,William Sanchez
20251151,Betty Robinson
20251152,Michael Smith
20251153,Steven Martin
20251154,Andrew Rodriguez
20251155,Elizabeth Walker
20251156,Andrew Williams
20251157,David Wilson
20251158,John Davis
20251159,Nancy White
20251160,Karen Ramirez
20251161,Susan Martin
20251162,Joshua Gonzalez
20251163,Matthew Jones
20251164,William Ramirez
20251165,Lisa Walker
20251166,Susan Ramirez
20251167,Thomas Anderson
20251168,Elizabeth Walker
20251169,Sarah Sanchez
20251170,Daniel Thompson
20251171,Lisa Clark
20251172,Barbara Lee
20251173,Karen Moore
20251174,Joseph Anderson
20251175,Robert Lewis
20251176,Paul Wilson
20251177,Joseph Miller
20251178,Richard Martinez
20251179,Michelle White
20251180,Ashley Lewis
20251181,Sarah White
20251182,Anthony Thomas
20251183,Thomas Gonzalez
20251184,Michelle Gonzalez
20251185,James Gonzalez
20251186,Sarah Miller
20251187,William Williams
20251188,James White
20251189,Charles Clark
20251190,Elizabeth Anderson
20251191,Robert Miller
20251192,Margaret Rodriguez
20251193,Michelle Walker
20251194,Joseph Wilson
20251195,Andrew Lee
20251196,Ashley Martin
20251197,Sarah Thompson
20251198,Mark Moore
20251199,Jessica Rodriguez
20251200,Matthew Lee
20251201,Margaret Martin
20251202,Emily Lewis
20251203,Kimberly Thomas
20251204,Ashley Brown
20251205,Jennifer Thompson
20251206,Thomas Thompson
20251207,James Jones
20251208,Mark Ramirez
20251209,Thomas Rodriguez
20251210,Joshua Lopez
20251211,James Miller
20251212,Ashley Johnson
20251213,Michael Gonzalez
20251214,Jessica Davis
20251215,Daniel Perez
20251216,Lisa Robinson
20251217,Sarah Moore
20251218,Jennifer White
20251219,Patricia Perez
20251220,Michael Rodriguez
20251221,Charles Robinson
20251222,John Anderson
20251223,Ashley Martinez
20251224,Paul Perez
20251225,Daniel Martin
20251226,Kimberly Martin
20251227,Kimberly Wilson
20251228,Sarah Walker
20251229,Jessica Rodriguez
20251230,Donna White
20251231,Sarah Harris
20251232,James Perez
20251233,Jennifer Johnson
20251234,Charles Ramirez
20251235,Betty Williams
20251236,Jennifer Lee
20251237,Anthony Smith
20251238,Sarah Lewis
20251239,Andrew Garcia
20251240,Sandra Brown
20251241,Barbara Sanchez
20251242,Anthony Smith
20251243,William Thomas
20251244,Linda Brown
20251245,Ashley Martinez
20251246,Michelle Johnson
20251247,Christopher Johnson
20251248,Daniel Gonzalez
20251249,John Clark
20251250,Charles Perez
20251251,Steven Clark
20251252,William Wilson
20251253,Charles Thompson
20251254,Emily Robinson
20251255,Karen Hernandez
20251256,Christopher Wilson
20251257,Mary Martin
20251258,Steven Martinez
20251259,Mary Garcia
20251260,Margaret Perez
20251261,Sarah Lee
20251262,Daniel Martinez
20251263,William Martinez
20251264,Charles Johnson
20251265,Daniel Perez
20251266,Christopher Gonzalez
20251267,Michael Ramirez
20251268,Jessica Martinez
20251269,Susan Miller
20251270,Ashley Anderson
20251271,Nancy Wilson
20251272,Mary Gonzalez
20251273,Richard Rodriguez
20251274,Barbara Ramirez
20251275,Anthony Jones
20251276,Donna Rodriguez
20251277,Emily Miller
20251278,Jessica Lewis
20251279,Joshua Harris
20251280,Michelle Martinez
20251281,Betty Martin
20251282,Steven Lewis
20251283,Sarah Garcia
20251284,Emily Lee
20251285,Steven Lee
20251286,Elizabeth Rodriguez
20251287,Sandra Thompson
20251288,Anthony Garcia
20251289,Richard Thompson
20251290,Sandra Martin
20251291,Mary Thomas
20251292,William Williams
20251293,Christopher Ramirez
20251294,Richard Brown
20251295,John Gonzalez
20251296,Nancy Lee
20251297,Jennifer Jones
20251298,Andrew Clark
20251299,Steven Thomas
20251300,Jessica Jackson
20251301,Richard Davis
20251302,Elizabeth Martin
20251303,Susan Gonzalez
20251304,Nancy Moore
20251305,Sarah Rodriguez
20251306,Daniel Martin
20251307,Anthony Moore
20251308,Kimberly Miller
20251309,Andrew Robinson
20251310,Jessica Martin
20251311,Joshua Rodriguez
20251312,Susan Robinson
20251313,Karen Walker
20251314,Susan Ramirez
20251315,Joshua Johnson
20251316,Michelle Ramirez
20251317,Karen Moore
20251318,Sarah Rodriguez
20251319,Susan Martinez
20251320,Jessica Ramirez
20251321,Thomas Sanchez
20251322,James Martinez
20251323,David Martinez
20251324,Charles Miller
20251325,Andrew Hernandez
20251326,Daniel Lee
20251327,Barbara Wilson
20251328,James Thomas
20251329,Paul Ramirez
20251330,Daniel Jackson
20251331,Nancy Davis
20251332,Thomas Martin
20251333,Michael Clark
20251334,Michelle Gonzalez
20251335,Linda Lewis
20251336,Jennifer Miller
20251337,Elizabeth Lee
20251338,William Taylor
20251339,Robert Smith
20251340,John Perez
20251341,Barbara Thomas
20251342,Robert Harris
20251343,Joshua Davis
20251344,Mary Robinson
20251345,Donna Sanchez
20251346,Daniel Rodriguez
20251347,Michael Perez
20251348,Thomas Lee
20251349,Mary Harris
20251350,Charles Thompson
20251351,Patricia Thomas
20251352,Richard Moore
20251353,Kimberly Robinson
20251354,Margaret Smith
20251355,Richard Martin
20251356,Mary Brown
20251357,John White
20251358,Karen White
20251359,Mary Lewis
20251360,Joseph Moore
20251361,Susan Smith
20251362,Susan Thomas
20251363,Richard Martinez
20251364,David Jones
20251365,Matthew Taylor
20251366,Margaret Anderson
20251367,Elizabeth Clark
20251368,Betty Martin
20251369,Matthew Thompson
20251370,Daniel Smith
20251371,Patricia Clark
20251372,Richard Brown
20251373,Jennifer Gonzalez
20251374,Andrew White
20251375,Betty Perez
20251376,John Brown
20251377,Charles Ramirez
20251378,Paul Williams
20251379,William Lewis
20251380,Michelle Taylor
20251381,Andrew Clark
20251382,Sandra Walker
20251383,Anthony Clark
20251384,Thomas Garcia
20251385,Margaret Thompson
20251386,Elizabeth Miller
20251387,Mary Clark
20251388,Patricia Clark
20251389,Nancy Gonzalez
20251390,Charles Johnson
20251391,Ashley Miller
20251392,Joseph Jones
20251393,Donald White
20251394,Anthony Brown
20251395,Anthony Garcia
20251396,Barbara Taylor
20251397,Patricia Taylor
20251398,Jessica Williams
20251399,Jennifer Thomas
20251400,Daniel Martinez
20251401,Patricia Thompson
20251402,Michael White
20251403,Susan Martin
20251404,Mark Walker
20251405,Donna Sanchez
20251406,Jessica Lopez
20251407,Margaret Hernandez
20251408,Michelle Wilson
20251409,Michael Ramirez
20251410,Barbara Wilson
20251411,Donald Miller
20251412,Patricia Perez
20251413,Daniel Lopez
20251414,Thomas Perez
20251415,Mary Thompson
20251416,Susan Davis
20251417,Betty Davis
20251418,Donald Ramirez
20251419,Richard Perez
20251420,Kimberly Martinez
20251421,Ashley Anderson
20251422,Michelle Wilson
20251423,Kimberly Hernandez
20251424,Susan White
20251425,Daniel Thomas
20251426,Paul Rodriguez
20251427,Donna Lewis
20251428,Jennifer Miller
20251429,Steven Robinson
20251430,Patricia Thomas
20251431,Lisa Lopez
20251432,Andrew Jones
20251433,Robert Gonzalez
20251434,Linda Thompson
20251435,Charles Smith
20251436,Joseph Martinez
20251437,David Brown
20251438,Kimberly Gonzalez
20251439,Kimberly Smith
20251440,David Davis
20251441,Kimberly Davis
20251442,John Smith
20251443,Emily Jackson
20251444,Michael Walker
20251445,Donald Anderson
20251446,Betty Williams
20251447,William Harris
20251448,James Gonzalez
20251449,Charles Martin
20251450,Andrew Wilson
20251451,Kimberly Johnson
20251452,Sarah Taylor
20251453,Paul Gonzalez
20251454,Susan Lee
20251455,Donald Harris
20251456,Andrew Williams
20251457,Jennifer Robinson
20251458,Jennifer Walker
20251459,Anthony Lopez
20251460,Anthony Jones
20251461,Michael Jones
20251462,John Rodriguez
20251463,Andrew Smith
20251464,Nancy Anderson
20251465,Michelle Anderson
20251466,Steven Hernandez
20251467,Christopher Clark
20251468,David Hernandez
20251469,Linda Robinson
20251470,Charles Martinez
20251471,Jennifer Hernandez
20251472,Joseph Smith
20251473,Elizabeth Perez
20251474,Jessica Clark
20251475,Andrew Garcia
20251476,John Ramirez
20251477,Christopher Garcia
20251478,Sarah Robinson
20251479,Robert Thomas
20251480,Patricia Taylor
20251481,Joshua Jackson
20251482,Thomas Clark
20251483,Kimberly Lewis
20251484,Kimberly Lopez
20251485,Richard Clark
20251486,Jessica Rodriguez
20251487,Robert Miller
20251488,Jessica Sanchez
20251489,Jennifer Taylor
20251490,Mary Rodriguez
20251491,Sarah Hernandez
20251492,Karen Robinson
20251493,Elizabeth Williams
20251494,Christopher Harris
20251495,Patricia Lewis
20251496,Ashley Rodriguez
20251497,Michael Williams
20251498,Margaret Hernandez
20251499,Donna Moore
20251500,Patricia Lewis
20251501,Charles Davis
20251502,Lisa Lewis
20251503,Barbara Taylor
20251504,Donna Gonzalez
20251505,Richard Gonzalez
20251506,Joshua Lee
20251507,Charles Lewis
20251508,Margaret Taylor
20251509,Jennifer Perez
20251510,Betty Smith
20251511,Daniel Anderson
20251512,Donald Hernandez
20251513,Patricia Jackson
20251514,Ashley Moore
20251515,Michael Brown
20251516,James Williams
20251517,Joseph Miller
20251518,Patricia Smith
20251519,Sarah Thompson
20251520,Richard Harris
20251521,Robert Gonzalez
20251522,Margaret Brown
20251523,Mary Rodriguez
20251524,Susan Clark
20251525,Daniel Lopez
20251526,Patricia Lee
20251527,Daniel Martinez
20251528,Kimberly Martinez
20251529,Robert Anderson
20251530,Matthew Brown
20251531,Kimberly Lewis
20251532,Mark Smith
20251533,David Sanchez
20251534,Jennifer Williams
20251535,Sarah Jones
20251536,Anthony Brown
20251537,Mary Brown
20251538,Betty Harris
20251539,Michael Williams
20251540,Mary Moore
20251541,Karen Gonzalez
20251542,Charles Jones
20251543,Linda Sanchez
20251544,Matthew Sanchez
20251545,Elizabeth Wilson
20251546,Emily White
20251547,James Hernandez
20251548,Donna Davis
20251549,Karen Martinez
20251550,David Thompson
20251551,Steven Perez
20251552,Karen Robinson
20251553,Jessica Gonzalez
20251554,Sarah Robinson
20251555,Margaret Miller
20251556,Karen Garcia
20251557,Thomas Harris
20251558,Lisa Jackson
20251559,Joseph Harris
20251560,Mary Jones
20251561,Patricia Thompson
20251562,Barbara Moore
20251563,John Ramirez
20251564,James Anderson
20251565,Sandra Lewis
20251566,Kimberly Thomas
20251567,Joseph Harris
20251568,Nancy Robinson
20251569,Robert Lee
20251570,Barbara Jackson
20251571,William White
20251572,Barbara Perez
20251573,Mark Anderson
20251574,Joseph Brown
20251575,Jessica Clark
20251576,Daniel Harris
20251577,Robert Harris
20251578,Mary Williams
20251579,James Jackson
20251580,Donna Wilson
20251581,Ashley Lee
20251582,Betty Perez
20251583,David Lopez
20251584,Jennifer Lewis
20251585,James Garcia
20251586,Ashley Thompson
20251587,Emily White
20251588,Jennifer Martinez
20251589,Nancy Brown
20251590,Ashley Martinez
20251591,Susan Lewis
20251592,Joshua Perez
20251593,Nancy Harris
20251594,Barbara Clark
20251595,Betty Jackson
20251596,Emily Walker
20251597,David Thompson
20251598,David Walker
20251599,John Miller
20251600,Donald Ramirez
20251601,Sarah Miller
20251602,Steven Martinez
20251603,Barbara Clark
20251604,Jessica Brown
20251605,Lisa Martin
20251606,Kimberly Davis
20251607,Patricia Lewis
20251608,Ashley Wilson
20251609,Karen Clark
20251610,Elizabeth Garcia
20251611,Betty Williams
20251612,Joseph White
20251613,Nancy Smith
20251614,Karen Garcia
20251615,Mark Clark
20251616,Donna Perez
20251617,Matthew Ramirez
20251618,Paul Thomas
20251619,Nancy Brown
20251620,Barbara Ramirez
20251621,Donna Lee
20251622,Nancy Hernandez
20251623,James Lee
20251624,Susan Thompson
20251625,William Perez
20251626,Matthew Lewis
20251627,Robert Martinez
20251628,Ashley Clark
20251629,Michelle White
20251630,Matthew Johnson
20251631,Joshua Perez
20251632,Lisa Robinson
20251633,Joshua Perez
20251634,Emily Sanchez
20251635,Lisa Walker
20251636,Nancy Martinez
20251637,John Jones
20251638,Paul Walker
20251639,Nancy Robinson
20251640,Ashley Hernandez
20251641,Donald Thomas
20251642,Elizabeth Thomas
20251643,David Lopez
20251644,Betty Jones
20251645,Margaret Brown
20251646,Sandra Moore
20251647,Ashley Ramirez
20251648,John Smith
20251649,Margaret Gonzalez
20251650,Paul Williams
20251651,Mark Wilson
20251652,Joseph Martin
20251653,David Clark
20251654,Barbara Gonzalez
20251655,David Miller
20251656,Christopher Williams
20251657,Susan Perez
20251658,Joshua Moore
20251659,Kimberly Sanchez
20251660,David Lopez
20251661,Ashley Davis
20251662,Michelle Thomas
20251663,Nancy Miller
20251664,Charles Lopez
20251665,Anthony Garcia
20251666,David Harris
20251667,Anthony Garcia
20251668,Steven Martinez
20251669,Barbara Robinson
20251670,Donald Martin
20251671,Susan Jackson
20251672,Kimberly Robinson
20251673,Sandra Williams
20251674,Susan Gonzalez
20251675,Michael Miller
20251676,Betty White
20251677,Christopher Johnson
20251678,Jessica Thomas
20251679,Richard Lopez
20251680,Anthony Anderson
20251681,Mary Perez
20251682,Elizabeth Anderson
20251683,Anthony Lopez
20251684,Emily Gonzalez
20251685,Andrew Rodriguez
20251686,Susan Thomas
20251687,Barbara Jackson
20251688,Matthew Gonzalez
20251689,Joseph Johnson
20251690,Linda Thompson
20251691,Donald Ramirez
20251692,Barbara Taylor
20251693,Charles Clark
20251694,Emily Davis
20251695,Kimberly Martinez
20251696,Anthony Miller
20251697,Daniel Miller
20251698,Donna Gonzalez
20251699,Richard White
20251700,Joseph Sanchez
20251701,Joshua Thomas
20251702,Nancy Garcia
20251703,Donald Perez
20251704,Patricia Martinez
20251705,Matthew Walker
20251706,Michael Harris
20251707,Joseph Moore
20251708,Patricia Gonzalez
20251709,Joseph Jackson
20251710,Jessica White
20251711,Robert Jones
20251712,Sarah Taylor
20251713,David Clark
20251714,John Harris
20251715,Thomas Wilson
20251716,Elizabeth Martinez
20251717,Donald Davis
20251718,Thomas Ramirez
20251719,Karen Smith
20251720,Joshua Perez
20251721,Donald Brown
20251722,Emily Harris
20251723,Lisa Taylor
20251724,Charles Anderson
20251725,Susan Wilson
20251726,Thomas Lee
20251727,David Moore
20251728,Christopher Lewis
20251729,Barbara Miller
20251730,Betty Martin
20251731,Donna Anderson
20251732,Susan Harris
20251733,Daniel Miller
20251734,William Brown
20251735,Daniel Lewis
20251736,Mary Rodriguez
20251737,Robert Brown
20251738,Andrew Davis
20251739,Patricia Walker
20251740,Robert Martin
20251741,Elizabeth Rodriguez
20251742,Michelle Lewis
20251743,Sarah Wilson
20251744,Michelle Harris
20251745,Paul Davis
20251746,Lisa Clark
20251747,Margaret Sanchez
20251748,Michelle Gonzalez
20251749,Linda Martin
20251750,Kimberly Taylor
20251751,Mark Johnson
20251752,Mark Garcia
20251753,Elizabeth Williams
20251754,Emily Walker
20251755,Richard Hernandez
20251756,Mary Ramirez
20251757,Nancy Thomas
20251758,Michael Ramirez
20251759,Donna Robinson
20251760,James Martin
20251761,Michael Brown
20251762,Michael Thomas
20251763,Joseph Garcia
20251764,Elizabeth Brown
20251765,Margaret Gonzalez
20251766,Margaret Brown
20251767,Lisa Taylor
20251768,Jennifer Gonzalez
20251769,Michelle Taylor
20251770,Anthony Ramirez
20251771,Thomas Perez
20251772,Mary Clark
20251773,Steven Clark
20251774,Donald Garcia
20251775,Michelle Miller
20251776,Betty Robinson
20251777,Donna Thompson
20251778,Thomas Brown
20251779,Christopher Lewis
20251780,Anthony Garcia
20251781,Nancy Johnson
20251782,Patricia Wilson
20251783,Ashley Robinson
20251784,Nancy Perez
20251785,Mark Johnson
20251786,Elizabeth Thomas
20251787,Nancy Wilson
20251788,Patricia Jones
20251789,Michael Hernandez
20251790,Christopher Davis
20251791,Christopher Harris
20251792,Andrew Miller
20251793,Margaret Wilson
20251794,Christopher Martinez
20251795,Mary Garcia
20251796,John Gonzalez
20251797,Robert Williams
20251798,Andrew Davis
20251799,Thomas Taylor
20251800,Michelle Walker
20251801,Betty Lewis
20251802,Mark Sanchez
20251803,Mary Smith
20251804,Nancy Perez
20251805,Joshua Davis
20251806,John Hernandez
20251807,Robert Robinson
20251808,Emily Davis
20251809,Daniel Smith
20251810,William Smith
20251811,Emily Williams
20251812,Betty Gonzalez
20251813,Sandra Robinson
20251814,Karen Lewis
20251815,Donald Wilson
20251816,Michelle Jones
20251817,Nancy Brown
20251818,James Lewis
20251819,Charles Hernandez
20251820,William Wilson
20251821,Patricia Miller
20251822,Linda Garcia
20251823,Michael Lewis
20251824,Daniel Taylor
20251825,Paul Martin
20251826,Susan Taylor
20251827,Karen Taylor
20251828,John Lewis
20251829,Kimberly Brown
20251830,William Williams
20251831,Michael Rodriguez
20251832,Joshua Lewis
20251833,Donna Walker
20251834,Margaret Lee
20251835,Donna Thomas
20251836,Paul Sanchez
20251837,David Thomas
20251838,Ashley Martinez
20251839,Mark Thompson
20251840,Anthony Hernandez
20251841,Anthony Moore
20251842,Robert Sanchez
20251843,Jessica Walker
20251844,Donna Walker
20251845,Steven Garcia
20251846,John Thomas
20251847,Linda Sanchez
20251848,Emily Moore
20251849,Donna Davis
20251850,Nancy Lopez
20251851,Kimberly Moore
20251852,Andrew Rodriguez
20251853,Paul Taylor
20251854,James Gonzalez
20251855,John Taylor
20251856,Linda Smith
20251857,Jessica Martinez
20251858,John Gonzalez
20251859,Joshua Thomas
20251860,Sandra Smith
20251861,Anthony Smith
20251862,Anthony Garcia
20251863,Daniel Brown
20251864,Karen White
20251865,Nancy Thomas
20251866,Sarah Brown
20251867,William Walker
20251868,Mark Anderson
20251869,Thomas Lopez
20251870,Paul Garcia
20251871,Christopher Martin
20251872,Anthony Ramirez
20251873,Susan Miller
20251874,Emily Moore
20251875,Jennifer Perez
20251876,Emily Thomas
20251877,Linda Taylor
20251878,Sarah Smith
20251879,Mark Jackson
20251880,Joshua Hernandez
20251881,Christopher Taylor
20251882,Karen Brown
20251883,Steven Martin
20251884,Donald Wilson
20251885,Linda Thompson
20251886,Sandra Williams
20251887,Patricia Lopez
20251888,Linda Hernandez
20251889,Kimberly Davis
20251890,Emily Walker
20251891,Margaret Moore
20251892,Sarah Lewis
20251893,Lisa Robinson
20251894,Steven Thomas
20251895,Sandra White
20251896,Steven Johnson
20251897,Elizabeth White
20251898,Ashley Rodriguez
20251899,Thomas Robinson
20251900,Emily Williams
20251901,Sandra Sanchez
20251902,Donald Sanchez
20251903,David Gonzalez
20251904,Ashley Ramirez
20251905,Donald Thomas
20251906,Thomas Walker
20251907,Elizabeth Brown
20251908,John Walker
20251909,Robert Lee
20251910,Daniel Brown
20251911,Joshua Lewis
20251912,Michelle Harris
20251913,Betty Williams
20251914,Mark Jones
20251915,Michael Brown
20251916,Mary Ramirez
20251917,Paul Moore
20251918,Kimberly Wilson
20251919,Richard Thompson
20251920,Susan Wilson
20251921,Richard Lopez
20251922,Mark Lopez
20251923,Thomas White
20251924,Steven Thomas
20251925,Paul Perez
20251926,Anthony Anderson
20251927,Mark Martin
20251928,John Thompson
20251929,Sarah Moore
20251930,Susan Sanchez
20251931,Karen Perez
20251932,Barbara Lopez
20251933,William Lee
20251934,Patricia Lewis
20251935,Jennifer Martin
20251936,Mary Rodriguez
20251937,Joshua Jackson
20251938,Christopher Harris
20251939,Betty Moore
20251940,Patricia Rodriguez
20251941,James Lewis
20251942,Barbara Brown
20251943,Robert Harris
20251944,Ashley Martinez
20251945,Susan Lee
20251946,Anthony Taylor
20251947,John White
20251948,Daniel Thompson
20251949,Sandra Garcia
20251950,Michael Walker
20251951,Patricia Jackson
20251952,Thomas Anderson
20251953,Steven Lewis
20251954,Elizabeth Martin
20251955,Jennifer Johnson
20251956,James Martinez
20251957,Susan Clark
20251958,Elizabeth Robinson
20251959,Mary Brown
20251960,Jennifer Rodriguez
20251961,Kimberly Thomas
20251962,Patricia Wilson
20251963,Joseph Gonzalez
20251964,Sandra Jackson
20251965,Joshua Wilson
20251966,Thomas Martinez
20251967,Paul Martin
20251968,Ashley Garcia
20251969,Margaret Davis
20251970,Margaret Davis
20251971,Steven Anderson
20251972,Kimberly Walker
20251973,Mary Walker
20251974,Jennifer Clark
20251975,Donald Miller
20251976,Donna Jones
20251977,Betty Lee
20251978,Barbara Garcia
20251979,Michelle Lopez
20251980,Anthony Ramirez
20251981,Daniel Garcia
20251982,David Miller
20251983,Jessica Rodriguez
20251984,Elizabeth Thompson
20251985,Joseph Johnson
20251986,Matthew Clark
20251987,William Thompson
20251988,Andrew Thompson
20251989,Linda Lopez
20251990,Richard Williams
20251991,Patricia Jackson
20251992,Andrew Wilson
20251993,Michelle Jones
20251994,Elizabeth White
20251995,James Johnson
20251996,Ashley Williams
20251997,Donald Perez
20251998,James Ramirez
20251999,Joseph Perez
20252000,Linda Ramirez
